City_ID,City,Country,Lat,Lng,Max Temp,Humidity,Cloudiness,Wind Speed,Current Description
0,Cape Town,ZA,-33.9258,18.4232,69.12,83,20,23.02,few clouds
1,Castro,BR,-24.7911,-50.0119,70.88,81,14,11.12,few clouds
2,Hobart,AU,-42.8794,147.3294,61.27,81,75,10.36,light rain
3,Rantepao,ID,-2.9701,119.8978,66.9,97,100,1.28,overcast clouds
4,Alice Springs,AU,-23.7,133.8833,58.55,77,0,5.75,clear sky
5,Chapais,CA,49.7834,-74.8492,-6.02,80,100,2.44,overcast clouds
6,Santa Rosa,PH,14.3122,121.1114,78.12,90,100,6.85,overcast clouds
7,Hilo,US,19.7297,-155.09,76.73,75,75,8.05,broken clouds
8,Ushuaia,AR,-54.8,-68.3,40.66,81,75,37.98,light rain
9,Cabo San Lucas,MX,22.8909,-109.9124,85.3,57,75,8.05,broken clouds
10,Rikitea,PF,-23.1203,-134.9692,78.46,72,83,11.5,light rain
11,Bluff,NZ,-46.6,168.3333,53.8,79,9,4.0,clear sky
12,New Norfolk,AU,-42.7826,147.0587,60.93,73,93,1.59,overcast clouds
13,Jamestown,US,42.097,-79.2353,22.32,39,100,4.0,overcast clouds
14,Cidreira,BR,-30.1811,-50.2056,69.94,91,100,4.12,overcast clouds
15,Barrow,US,71.2906,-156.7887,-29.18,100,0,8.05,clear sky
16,Rincon,US,32.296,-81.2354,66.06,39,40,13.8,scattered clouds
17,Busselton,AU,-33.65,115.3333,63.05,77,0,11.48,clear sky
18,Dunedin,NZ,-45.8742,170.5036,54.52,76,4,1.63,clear sky
19,Mataura,NZ,-46.1927,168.8643,53.47,87,24,1.99,few clouds
20,Hermanus,ZA,-34.4187,19.2345,66.79,83,47,17.2,light rain
21,Albany,US,42.6001,-73.9662,26.17,53,100,4.0,overcast clouds
22,Ewa Beach,US,21.3156,-158.0072,78.75,64,20,12.66,few clouds
23,Port Elizabeth,ZA,-33.918,25.5701,70.09,78,0,11.5,clear sky
24,Tura,IN,25.5198,90.2201,54.05,70,0,4.63,clear sky
25,Puerto Ayora,EC,-0.7393,-90.3518,80.56,88,91,4.0,overcast clouds
26,Sandusky,US,41.3501,-83.1332,22.8,70,100,8.01,overcast clouds
27,Joshimath,IN,30.5667,79.5667,37.58,40,0,9.01,clear sky
28,Khatanga,RU,71.9667,102.5,-24.9,94,67,3.58,broken clouds
29,Kuopio,FI,62.8924,27.677,33.75,93,100,12.66,snow
30,Luwingu,ZM,-10.2621,29.9271,61.68,91,93,3.89,overcast clouds
31,Rocha,UY,-34.4833,-54.3333,66.2,57,3,12.88,clear sky
32,Ilulissat,GL,69.2167,-51.1,24.82,54,100,19.57,overcast clouds
33,Sabzevar,IR,36.2126,57.6819,41.5,60,0,12.73,clear sky
34,East London,ZA,-33.0153,27.9116,73.2,82,78,9.48,broken clouds
35,Sao Joao Da Barra,BR,-21.6403,-41.0511,80.69,87,8,11.21,clear sky
36,Aykhal,RU,66.0,111.5,-8.73,50,29,0.94,scattered clouds
37,Butaritari,KI,3.0707,172.7902,81.81,76,46,13.06,light rain
38,Warrnambool,AU,-38.3833,142.4833,62.82,88,23,6.2,few clouds
39,Vestmannaeyjar,IS,63.4427,-20.2734,33.67,74,99,29.01,overcast clouds
40,Tessalit,ML,20.1986,1.0114,67.03,16,17,10.22,few clouds
41,Thompson,CA,55.7435,-97.8558,-5.64,71,100,5.75,overcast clouds
42,Kasongo,CD,-4.45,26.6667,69.21,97,100,3.69,overcast clouds
43,Hobyo,SO,5.3505,48.5268,77.14,75,86,15.48,overcast clouds
44,San Patricio,US,28.017,-97.5169,65.16,22,10,6.49,clear sky
45,Sedro-Woolley,US,48.5039,-122.2361,57.31,58,0,0.0,clear sky
46,Georgetown,MY,5.4112,100.3354,79.9,91,40,3.44,scattered clouds
47,Mirnyy,RU,62.5353,113.9611,-24.97,100,93,2.48,overcast clouds
48,Sedalia,US,38.7045,-93.2283,33.46,46,0,15.01,clear sky
49,Sri Aman,MY,1.2376,111.4621,75.25,100,97,0.0,overcast clouds
50,Saint-Francois,FR,46.4154,3.9054,48.67,65,0,17.27,clear sky
51,Utete,TZ,-7.986,38.758,73.98,98,99,3.18,overcast clouds
52,Krzeszowice,PL,50.1425,19.6322,34.84,73,6,4.76,clear sky
53,Concarneau,FR,47.875,-3.9225,51.82,85,100,15.77,overcast clouds
54,Ribeira Grande,PT,38.5167,-28.7,57.6,67,40,5.75,scattered clouds
55,Preston,GB,53.7667,-2.7167,46.72,92,100,12.44,overcast clouds
56,Punta Arenas,CL,-53.15,-70.9167,50.11,50,40,31.07,scattered clouds
57,Atuona,PF,-9.8,-139.0333,77.81,78,24,14.07,few clouds
58,Zavyalovo,RU,54.5053,82.4484,21.02,89,96,16.98,overcast clouds
59,Vardo,NO,70.3705,31.1107,26.58,63,75,25.32,light shower snow
60,Severo-Kurilsk,RU,50.6789,156.125,21.79,69,29,11.12,scattered clouds
61,Turayf,SA,31.6725,38.6637,50.25,43,0,3.44,clear sky
62,Guerrero Negro,MX,27.9769,-114.0611,81.52,19,15,6.06,few clouds
63,Srednekolymsk,RU,67.45,153.6833,-33.84,99,19,6.08,few clouds
64,Bambous Virieux,MU,-20.3428,57.7575,81.21,89,40,8.05,scattered clouds
65,Saint-Philippe,RE,-21.3585,55.7679,80.19,87,34,9.28,scattered clouds
66,Puerto Colombia,CO,10.9878,-74.9547,89.69,71,73,26.06,broken clouds
67,Avarua,CK,-21.2078,-159.775,80.65,78,75,4.61,broken clouds
68,Vaini,TO,-21.2,-175.2,82.56,83,40,9.22,scattered clouds
69,Sitka,US,57.0531,-135.33,37.29,75,100,0.0,light rain
70,Mokhsogollokh,RU,61.4681,128.9203,-24.72,100,99,1.14,overcast clouds
71,Port Hedland,AU,-20.3167,118.5667,84.25,74,3,10.36,clear sky
72,Seddon,AU,-37.8068,144.8916,76.77,64,0,10.36,clear sky
73,Luz,BR,-19.8014,-45.6856,73.94,86,38,4.0,scattered clouds
74,Morondava,MG,-20.2833,44.2833,79.7,84,88,1.28,light rain
75,Acapulco,MX,16.8634,-99.8901,87.62,62,20,8.05,few clouds
76,Los Algarrobos,PA,8.5,-82.4333,89.46,51,20,9.22,few clouds
77,Beipiao,CN,41.7919,120.7792,8.55,84,100,14.12,overcast clouds
78,College,US,64.8569,-147.8028,14.79,82,100,0.0,light snow
79,La Ronge,CA,55.1001,-105.2842,8.85,66,0,10.36,clear sky
80,Kalengwa,ZM,-13.4659,25.0027,62.64,94,56,3.94,broken clouds
81,Shiyan,CN,32.6475,110.7781,38.98,79,36,1.74,scattered clouds
82,Samarai,PG,-10.6167,150.6667,80.71,74,36,5.61,scattered clouds
83,Taltal,CL,-25.4,-70.4833,71.24,68,17,7.29,few clouds
84,Olinda,BR,-8.0089,-34.8553,83.93,70,75,8.05,broken clouds
85,Saskylakh,RU,71.9167,114.0833,-17.19,87,28,2.98,scattered clouds
86,Upernavik,GL,72.7868,-56.1549,-6.74,97,100,13.49,overcast clouds
87,Torbay,CA,47.6666,-52.7314,40.57,66,75,24.16,broken clouds
88,Norman Wells,CA,65.282,-126.8329,-11.16,64,75,9.22,broken clouds
89,Nikolskoye,RU,59.7035,30.7861,33.87,89,100,13.02,overcast clouds
90,Lasem,ID,-6.6922,111.4527,74.86,94,100,5.12,overcast clouds
91,Victoria,HK,22.2855,114.1577,61.25,87,100,8.99,overcast clouds
92,Saint George,US,37.1041,-113.5841,70.54,16,0,1.99,clear sky
93,Husavik,IS,66.0449,-17.3389,-2.29,79,65,14.0,broken clouds
94,Lady Lake,US,28.9175,-81.9229,73.71,68,75,10.36,broken clouds
95,Xucheng,CN,20.35,110.1288,61.5,85,99,10.31,overcast clouds
96,Porto Tolle,IT,44.9497,12.3245,43.0,60,10,3.76,clear sky
97,Mashhad,IR,36.297,59.6062,44.74,61,0,20.71,clear sky
98,Ilhabela,BR,-23.7781,-45.3581,76.21,85,59,7.09,broken clouds
99,Faanui,PF,-16.4833,-151.75,80.71,74,100,14.92,light rain
100,Korla,CN,41.7597,86.1469,28.92,46,0,4.76,clear sky
101,Abu Samrah,SY,35.3029,37.1841,49.59,65,0,6.93,clear sky
102,Matara,LK,5.9485,80.5353,73.96,87,99,9.55,overcast clouds
103,Carnarvon,AU,-24.8667,113.6333,75.27,88,3,3.44,clear sky
104,Saldanha,ZA,-33.0117,17.9442,69.85,92,0,21.39,clear sky
105,Dikson,RU,73.5069,80.5464,-4.38,87,100,24.92,overcast clouds
106,Halmstad,SE,56.6745,12.8568,39.54,87,100,13.8,overcast clouds
107,Jinchang,CN,38.4953,102.1739,22.1,67,64,4.47,broken clouds
108,Bubaque,GW,11.2833,-15.8333,78.3,71,3,13.98,clear sky
109,Kodiak,US,57.79,-152.4072,36.91,70,0,0.0,clear sky
110,Provideniya,RU,64.3833,-173.3,-5.69,65,0,4.47,clear sky
111,Tual,ID,-5.6667,132.75,80.87,77,99,8.34,overcast clouds
112,Port Alfred,ZA,-33.5906,26.891,72.36,85,89,9.91,overcast clouds
113,Bredasdorp,ZA,-34.5322,20.0403,67.32,77,95,12.66,light rain
114,Vao,NC,-22.6667,167.4833,79.7,85,100,7.63,overcast clouds
115,Ahuimanu,US,21.4447,-157.8378,78.51,67,20,12.66,few clouds
116,Boo,SE,59.3333,18.2833,39.18,86,75,11.5,broken clouds
117,Jacareacanga,BR,-6.2222,-57.7528,79.68,95,82,0.94,broken clouds
118,Kapaa,US,22.0752,-159.319,76.19,68,40,13.8,scattered clouds
119,Ancud,CL,-41.8697,-73.8203,80.22,73,17,5.48,few clouds
120,Half Moon Bay,US,37.4636,-122.4286,79.3,51,2,2.71,clear sky
121,Hasaki,JP,35.7333,140.8333,36.0,89,100,32.35,overcast clouds
122,Adrar,MR,20.5022,-10.0711,64.99,20,64,10.54,broken clouds
123,Qaanaaq,GL,77.484,-69.3632,-7.01,86,100,3.96,overcast clouds
124,Kaeo,NZ,-35.1,173.7833,64.33,89,86,5.37,overcast clouds
125,Linxia,CN,35.6003,103.2064,12.56,80,66,4.03,broken clouds
126,Coquimbo,CL,-29.9533,-71.3436,73.13,53,0,12.66,clear sky
127,Kavaratti,IN,10.5669,72.642,80.37,71,51,3.96,broken clouds
128,Lasa,IT,46.6166,10.7002,29.66,64,0,2.06,clear sky
129,Baishishan,CN,43.5833,127.5667,6.62,91,100,4.0,overcast clouds
130,Geraldton,AU,-28.7667,114.6,73.81,83,100,1.14,overcast clouds
131,Itoman,JP,26.1247,127.6694,64.42,94,75,24.16,moderate rain
132,Cherskiy,RU,68.75,161.3,-21.91,97,99,7.87,overcast clouds
133,Kodino,RU,63.7198,39.6447,19.33,92,100,8.81,snow
134,Sukhobuzimskoye,RU,56.5,93.2728,-16.31,100,8,3.27,clear sky
135,Santa Cruz,BO,-17.8,-63.1667,85.46,48,75,13.8,broken clouds
136,Christchurch,NZ,-43.5333,172.6333,57.0,86,75,8.05,broken clouds
137,Vila Franca Do Campo,PT,37.7167,-25.4333,60.19,74,6,5.73,clear sky
138,Kampot,KH,10.6167,104.1833,76.96,83,13,3.78,few clouds
139,Sao Filipe,CV,14.8961,-24.4956,74.82,63,41,10.78,scattered clouds
140,Mehran,IR,33.1222,46.1646,56.68,41,0,2.95,clear sky
141,Halifax,CA,44.6453,-63.5724,32.22,72,100,5.99,overcast clouds
142,Salta,AR,-24.7859,-65.4117,70.09,66,75,5.75,broken clouds
143,Hami,CN,42.8,93.45,25.77,50,49,5.68,scattered clouds
144,Chokurdakh,RU,70.6333,147.9167,-5.42,94,100,10.13,overcast clouds
145,Hermosillo,MX,29.0667,-110.9667,90.25,9,36,5.99,scattered clouds
146,Haines Junction,CA,60.7522,-137.5108,19.35,73,100,0.0,overcast clouds
147,Dwarka,IN,22.2394,68.9678,69.76,61,0,9.71,clear sky
148,Port Hardy,CA,50.6996,-127.4199,48.38,66,75,14.97,broken clouds
149,Longyearbyen,SJ,78.2186,15.6401,15.64,86,75,4.61,light snow
150,Clyde River,CA,70.4692,-68.5914,-23.57,69,75,16.11,broken clouds
151,Lagoa,PT,39.05,-27.9833,56.62,61,81,7.2,broken clouds
152,Batemans Bay,AU,-35.7167,150.1833,65.1,72,100,4.59,overcast clouds
153,Lima,PE,-12.0432,-77.0282,78.39,83,0,13.8,clear sky
154,Vargem Grande Do Sul,BR,-21.8322,-46.8936,88.25,85,26,1.41,scattered clouds
155,Mogok,MM,22.9167,96.5,50.18,51,1,2.01,clear sky
156,Necochea,AR,-38.5473,-58.7368,68.58,38,1,6.24,clear sky
157,Richards Bay,ZA,-28.783,32.0377,76.59,90,59,5.35,broken clouds
158,Mount Gambier,AU,-37.8333,140.7667,60.71,88,100,12.66,overcast clouds
159,Mayo,US,38.8876,-76.5119,35.65,75,100,10.36,light rain
160,Latung,PH,5.5,120.8833,81.72,75,100,9.26,overcast clouds
161,Jiuquan,CN,39.7432,98.5174,25.34,57,100,6.51,overcast clouds
162,Chegutu,ZW,-18.1302,30.1407,71.6,63,100,4.34,overcast clouds
163,Nainpur,IN,22.4333,80.1167,56.98,28,0,3.22,clear sky
164,Chuy,UY,-33.6971,-53.4616,70.29,43,1,13.4,clear sky
165,Juybar,IR,36.6412,52.9124,51.89,81,94,4.9,overcast clouds
166,Khartoum,SD,15.5518,32.5324,76.01,20,12,1.99,few clouds
167,De Aar,ZA,-30.6497,24.0123,75.33,48,73,16.13,broken clouds
168,Poso,ID,-1.3959,120.7524,76.3,83,100,3.62,overcast clouds
169,Shimoda,JP,34.6667,138.95,36.1,90,100,20.89,overcast clouds
170,Lorengau,PG,-2.0226,147.2712,80.6,79,100,2.42,overcast clouds
171,Salalah,OM,17.0151,54.0924,77.09,25,0,4.61,clear sky
172,Rawson,AR,-43.3002,-65.1023,88.18,22,0,20.51,clear sky
173,Shelbyville,US,35.4834,-86.4603,44.11,35,0,4.0,clear sky
174,Magistralnyy,RU,56.1725,107.4458,-31.18,100,66,2.37,broken clouds
175,Tautira,PF,-17.7333,-149.15,86.02,76,88,16.26,light rain
176,Lodja,CD,-3.4833,23.4333,70.3,90,96,2.55,overcast clouds
177,Corn Island,NI,12.1694,-83.0418,80.65,75,12,18.79,few clouds
178,Kavieng,PG,-2.5744,150.7967,81.09,78,97,6.31,overcast clouds
179,Iqaluit,CA,63.7506,-68.5145,-16.31,68,75,0.0,broken clouds
180,Tungor,RU,53.3808,142.9564,-12.17,97,20,10.4,few clouds
181,Nishihara,JP,26.1842,127.7558,63.68,94,75,24.16,light rain
182,Bengkulu,ID,-3.8004,102.2655,75.96,89,99,3.49,overcast clouds
183,Kailua,US,21.4022,-157.7394,78.78,69,20,12.66,few clouds
184,Dudinka,RU,69.4058,86.1778,-15.0,88,14,6.93,few clouds
185,Concepcion Del Oro,MX,24.6333,-101.4167,55.54,24,96,2.35,overcast clouds
186,Pacific Grove,US,36.6177,-121.9166,84.61,53,0,4.61,clear sky
187,Hovd,MN,48.0056,91.6419,-13.43,80,14,3.27,few clouds
188,Troitskoye,RU,52.9821,84.6757,18.68,95,100,8.37,light snow
189,Tierralta,CO,8.1736,-76.0592,84.79,70,78,7.27,broken clouds
190,Tzaneen,ZA,-23.8332,30.1635,70.02,53,43,2.51,scattered clouds
191,Tuatapere,NZ,-46.1333,167.6833,53.82,67,11,3.11,few clouds
192,Seoul,KR,37.5683,126.9778,27.79,87,0,3.44,clear sky
193,Atar,MR,20.5169,-13.0499,70.38,19,100,9.35,overcast clouds
194,Atascadero,US,35.4894,-120.6707,78.15,38,0,2.55,clear sky
195,Maniitsoq,GL,65.4167,-52.9,2.32,87,100,12.97,overcast clouds
196,Broken Hill,AU,-31.95,141.4333,76.71,33,100,12.66,overcast clouds
197,Sosnovo-Ozerskoye,RU,52.5249,111.5418,-25.65,100,98,4.61,overcast clouds
198,Malpe,IN,13.35,74.7167,78.1,87,10,3.71,clear sky
199,Gomel,BY,52.4345,30.9754,30.18,64,0,11.18,clear sky
200,Trelleborg,SE,55.3751,13.1569,39.58,77,100,19.42,overcast clouds
201,Mandurah,AU,-32.55,115.7,75.22,63,6,10.0,clear sky
202,Mancio Lima,BR,-7.6142,-72.8958,73.47,100,100,6.91,overcast clouds
203,Arraial Do Cabo,BR,-22.9661,-42.0278,80.56,78,40,14.97,scattered clouds
204,Nome,US,64.5011,-165.4064,-12.84,76,0,0.0,clear sky
205,Buala,SB,-8.145,159.5921,79.41,84,99,7.11,light rain
206,Sisimiut,GL,66.9395,-53.6735,2.71,94,100,26.31,overcast clouds
207,Amapa,BR,1.0,-52.0,76.1,97,87,3.31,moderate rain
208,Pokhara,NP,28.2333,83.9833,50.9,61,3,4.21,clear sky
209,Tuktoyaktuk,CA,69.4541,-133.0374,-32.8,68,75,3.44,broken clouds
210,Tiksi,RU,71.6872,128.8694,-12.62,93,10,11.77,clear sky
211,Ingham,US,42.6,-84.3833,21.0,79,100,3.44,overcast clouds
212,Axim,GH,4.8699,-2.2405,78.84,87,11,5.5,light rain
213,Shenjiamen,CN,29.9576,122.298,43.61,78,81,16.06,broken clouds
214,Bay City,US,43.5945,-83.8889,19.58,57,100,6.91,overcast clouds
215,Aklavik,CA,68.2191,-135.0107,-21.17,75,75,5.75,broken clouds
216,Sur,OM,22.5667,59.5289,72.0,68,0,8.72,clear sky
217,Iwanai,JP,42.9744,140.5089,26.65,91,95,5.99,overcast clouds
218,Bosaso,SO,11.2842,49.1816,73.09,73,24,2.48,few clouds
219,Baoqing,CN,46.3317,132.2111,-6.18,100,99,1.77,overcast clouds
220,Tilichiki,RU,60.4667,166.1,-19.46,93,7,10.27,clear sky
221,Tchollire,CM,8.4022,14.1698,75.96,14,100,0.83,overcast clouds
222,Kyaikkami,MM,16.08,97.5675,76.35,52,93,3.11,overcast clouds
223,Cap-Aux-Meules,CA,47.3821,-61.8597,15.85,73,75,16.11,broken clouds
224,Migori,KE,-1.0634,34.4731,64.62,74,94,6.67,overcast clouds
225,Kahului,US,20.8947,-156.47,78.96,73,40,12.66,scattered clouds
226,Narsaq,GL,60.9167,-46.05,26.82,89,100,7.07,overcast clouds
227,Zhigansk,RU,66.7697,123.3711,-36.94,100,58,2.17,broken clouds
228,Pevek,RU,69.7008,170.3133,-17.37,98,100,9.08,overcast clouds
229,Ostrovnoy,RU,68.0531,39.5131,17.19,64,100,19.69,overcast clouds
230,Nantucket,US,41.2835,-70.0995,37.51,86,100,17.27,overcast clouds
231,Laguna,US,38.421,-121.4238,80.44,40,0,4.61,clear sky
232,Yinchuan,CN,38.4681,106.2731,19.8,55,86,7.02,overcast clouds
233,Isangel,VU,-19.55,169.2667,80.71,94,40,2.3,volcanic ash
234,Norilsk,RU,69.3535,88.2027,-10.91,79,17,7.63,few clouds
235,Yellowknife,CA,62.456,-114.3525,-9.58,67,20,4.61,few clouds
236,Caravelas,BR,-17.7125,-39.2481,77.74,81,80,6.58,broken clouds
237,Tasiilaq,GL,65.6145,-37.6368,19.56,70,100,10.87,overcast clouds
238,Kawhia,NZ,-38.0651,174.8183,69.15,64,1,3.47,clear sky
239,Talnakh,RU,69.4865,88.3972,-7.1,69,16,8.99,few clouds
240,Shakawe,BW,-18.3667,21.85,69.31,85,48,1.3,scattered clouds
241,Jumla,NP,29.2747,82.1838,28.42,73,1,6.49,clear sky
242,Ust-Kuyga,RU,70.0167,135.6,-12.05,90,100,6.8,overcast clouds
243,Namibe,AO,-15.1961,12.1522,75.36,80,100,0.83,overcast clouds
244,Namwala,ZM,-15.7504,26.4384,65.23,95,25,2.39,scattered clouds
245,Sorong,ID,-0.8833,131.25,77.16,88,100,7.27,overcast clouds
246,Katsuura,JP,35.1333,140.3,38.1,97,100,29.44,light rain
247,Port Lincoln,AU,-34.7333,135.8667,66.34,83,95,10.07,overcast clouds
248,Canon City,US,38.441,-105.2424,59.16,21,0,13.8,clear sky
249,Port-Gentil,GA,-0.7193,8.7815,76.96,94,75,1.14,broken clouds
250,Catuday,PH,16.2923,119.8062,76.93,79,92,10.07,overcast clouds
251,Havelock,US,34.8791,-76.9013,46.38,88,100,5.99,light rain
252,Roald,NO,62.5833,6.1333,43.16,100,75,2.3,broken clouds
253,Zyryanskoye,RU,56.8306,86.6258,4.95,96,100,10.49,light snow
254,Champerico,GT,14.3,-91.9167,95.54,56,2,12.33,clear sky
255,Bethel,US,41.3712,-73.414,31.05,67,100,9.22,overcast clouds
256,Kotido,UG,2.9806,34.1331,78.03,31,48,9.89,scattered clouds
257,Marshall,US,34.3834,-86.3333,46.58,36,0,10.36,clear sky
258,Gazojak,TM,41.1875,61.4036,42.48,69,99,20.18,overcast clouds
259,Tazovskiy,RU,67.4667,78.7,-9.74,97,26,10.87,scattered clouds
260,Sabha,LY,27.0377,14.4283,55.89,25,0,8.81,clear sky
261,Guiratinga,BR,-16.3494,-53.7583,79.29,83,56,3.0,broken clouds
262,Verkhnevilyuysk,RU,63.4453,120.3167,-22.79,100,100,2.24,overcast clouds
263,Kuytun,RU,54.3419,101.5036,-26.52,100,100,3.22,overcast clouds
264,Hervey Bay,AU,-25.2986,152.8535,70.03,77,14,18.66,few clouds
265,Upata,VE,8.0086,-62.3989,80.58,58,100,2.44,overcast clouds
266,Turkan,AZ,40.3639,50.215,41.18,65,75,18.41,broken clouds
267,Yumen,CN,40.2833,97.2,27.01,42,100,13.15,overcast clouds
268,Antofagasta,CL,-23.65,-70.4,72.21,65,81,10.18,broken clouds
269,Ust-Kut,RU,56.7938,105.7672,-29.9,100,35,2.64,scattered clouds
270,Dongsheng,CN,39.8161,109.9776,7.36,62,72,0.76,broken clouds
271,Akcakoca,TR,41.0866,31.1162,43.12,88,100,4.41,overcast clouds
272,Yulara,AU,-25.2406,130.9889,66.04,42,2,9.22,clear sky
273,Ishigaki,JP,24.3448,124.1572,66.78,82,100,24.92,overcast clouds
274,Parrita,CR,9.5201,-84.3225,92.26,59,8,6.64,clear sky
275,Castrillon,ES,43.3979,-6.7922,48.74,92,83,8.57,broken clouds
276,Mandera,KE,3.9366,41.867,84.58,21,100,10.51,overcast clouds
277,Kormend,HU,47.011,16.606,28.33,62,4,6.89,clear sky
278,Inhambane,MZ,-23.865,35.3833,76.64,84,1,8.55,clear sky
279,Vostok,RU,46.4856,135.8833,2.52,98,100,1.03,overcast clouds
280,Ambunti,PG,-4.2365,142.8448,72.97,100,100,0.63,overcast clouds
281,Tanete,ID,-3.9443,119.7848,73.67,94,100,2.59,overcast clouds
282,Long,TH,18.0761,99.8326,74.39,48,72,3.13,broken clouds
283,Dhidhdhoo,MV,6.8833,73.1,78.64,80,100,5.93,overcast clouds
284,Amahai,ID,-3.3333,128.9167,76.08,89,100,1.34,overcast clouds
285,Santarem,BR,-2.4431,-54.7083,84.33,79,20,8.05,few clouds
286,Bac Lieu,VN,9.285,105.7244,78.91,81,15,13.06,few clouds
287,Mar Del Plata,AR,-38.0023,-57.5575,71.62,64,0,11.5,clear sky
288,Ahipara,NZ,-35.1667,173.1667,65.93,65,86,9.37,overcast clouds
289,Beringovskiy,RU,63.05,179.3167,-26.91,97,16,6.96,few clouds
290,Talaya,RU,61.3833,152.75,-40.16,100,84,1.32,broken clouds
291,Estacion Coahuila,MX,32.1939,-115.0017,85.96,8,2,10.45,clear sky
292,Le Port,RE,-20.9373,55.2919,80.6,79,30,2.82,scattered clouds
293,Fortuna,US,40.5982,-124.1573,50.92,100,0,9.22,clear sky
294,Los Llanos De Aridane,ES,28.6585,-17.9182,61.12,67,20,6.91,few clouds
295,Caborca,MX,30.5838,-111.101,80.55,7,7,4.18,clear sky
296,Sungaipenuh,ID,-2.0833,101.3833,62.89,92,88,1.88,overcast clouds
297,Opuwo,NA,-18.0607,13.84,69.58,85,100,7.25,light rain
298,Vagur,FO,61.4732,-6.8119,36.09,76,100,32.75,overcast clouds
299,Kangaatsiaq,GL,68.3065,-53.4641,-3.17,88,100,41.9,overcast clouds
300,Codrington,AU,-38.2667,141.9667,62.58,82,67,6.96,broken clouds
301,Cedar City,US,37.6775,-113.0619,59.4,15,0,6.91,clear sky
302,Timmins,CA,48.4669,-81.3331,-0.58,50,20,3.44,few clouds
303,Gatesville,US,31.4352,-97.7439,66.15,23,0,10.36,clear sky
304,Xuchang,CN,34.0167,113.8167,32.88,84,64,3.13,broken clouds
305,Harper,LR,4.375,-7.7169,78.26,84,66,6.04,broken clouds
306,Itarema,BR,-2.9248,-39.9167,80.26,77,8,14.05,clear sky
307,Saint-Augustin,CA,51.226,-58.6502,-3.93,83,1,8.77,clear sky
308,Rapar,IN,23.5667,70.6333,65.52,60,0,10.11,clear sky
309,Petropavlovsk-Kamchatskiy,RU,53.0452,158.6483,12.79,57,75,6.71,broken clouds
310,Chilca,PE,-12.5211,-76.7372,77.16,77,42,8.61,scattered clouds
311,Ponta Do Sol,PT,32.6667,-17.1,63.72,70,97,3.29,overcast clouds
312,Dandong,CN,40.1292,124.3947,27.55,96,100,1.59,snow
313,Ust-Barguzin,RU,53.45,108.9833,-18.53,92,89,6.31,overcast clouds
314,Utrecht,NL,52.0,5.25,52.02,69,100,10.0,overcast clouds
315,Irpa Irpa,BO,-17.7167,-66.2667,78.8,65,100,4.38,overcast clouds
316,Chaihe,CN,44.7667,129.7,-8.21,99,100,2.62,overcast clouds
317,Kaitangata,NZ,-46.2817,169.8464,57.92,73,11,2.44,few clouds
318,Northam,GB,51.0333,-4.2167,48.02,92,100,22.48,overcast clouds
319,Korgen,NO,66.0771,13.8153,30.33,98,99,3.6,light snow
320,Tigil,RU,57.8,158.6667,-9.98,98,100,3.04,overcast clouds
321,Nemuro,JP,43.3236,145.575,26.78,86,100,10.65,overcast clouds
322,Elko,US,41.0002,-115.5012,57.06,31,0,3.76,clear sky
323,Lichuan,CN,30.3,108.85,31.44,96,16,2.86,few clouds
324,Papetoai,PF,-17.4961,-149.8729,85.59,75,72,17.05,light rain
325,Aksu,CN,41.1231,80.2644,28.67,40,10,5.17,clear sky
326,Matipo,BR,-20.2839,-42.3411,72.16,91,32,3.58,scattered clouds
327,Broome,US,42.2506,-75.833,24.01,60,100,8.05,overcast clouds
328,Rodrigues Alves,BR,-7.738,-72.6509,73.6,92,88,2.01,overcast clouds
329,Kutum,SD,14.2,24.6667,63.43,15,7,10.02,clear sky
330,Airai,TL,-8.9266,125.4092,58.24,90,41,2.19,scattered clouds
331,Peachland,CA,49.7665,-119.7357,42.15,70,48,3.0,scattered clouds
332,Kahuta,PK,33.5913,73.3868,49.86,49,100,4.05,overcast clouds
333,Manaure,CO,11.7751,-72.4445,93.31,43,12,19.89,few clouds
334,Wanning,CN,18.8003,110.3967,68.88,91,100,11.32,overcast clouds
335,Eureka,US,40.8021,-124.1637,51.19,69,87,5.68,overcast clouds
336,Vaghodia,IN,22.3,73.3833,66.72,27,0,5.91,clear sky
337,Kommunar,RU,59.6206,30.39,32.52,89,100,15.17,light snow
338,Stettler,CA,52.3168,-112.7186,40.84,56,88,14.97,overcast clouds
339,Huarmey,PE,-10.0681,-78.1522,76.68,70,5,11.56,clear sky
340,Sept-Iles,CA,50.2001,-66.3821,6.06,57,75,10.36,broken clouds
341,Danshui,CN,22.7984,114.4672,62.64,85,91,6.35,overcast clouds
342,Yeppoon,AU,-23.1333,150.7333,69.58,80,22,17.52,few clouds
343,Rio Gallegos,AR,-51.6226,-69.2181,59.05,20,20,49.48,few clouds
344,Hato Mayor,DO,18.7629,-69.256,86.83,66,0,7.63,clear sky
345,Atikokan,CA,48.7555,-91.6216,1.38,78,100,5.99,overcast clouds
346,Luderitz,NA,-26.6481,15.1594,74.28,63,0,11.63,clear sky
347,Aswan,EG,24.0934,32.907,67.3,24,0,10.36,clear sky
348,Carlyle,US,38.6103,-89.3726,37.67,63,42,5.99,scattered clouds
349,Lompoc,US,34.6391,-120.4579,85.21,31,0,6.91,clear sky
350,Igra,RU,57.5558,53.0547,1.47,100,94,3.4,overcast clouds
351,Gurupi,BR,-11.7292,-49.0686,76.93,90,98,2.86,overcast clouds
352,Kieta,PG,-6.2167,155.6333,79.54,82,80,1.28,broken clouds
353,Mata,PT,40.683,-7.4592,49.93,89,99,10.4,overcast clouds
354,Chirongui,YT,-12.9319,45.1483,78.73,75,0,4.5,clear sky
355,Arona,ES,28.0996,-16.681,59.83,74,20,8.05,few clouds
356,Boende,CD,-0.2167,20.8667,79.5,66,97,2.01,overcast clouds
357,Kitgum,UG,3.2783,32.8867,78.71,33,100,3.38,overcast clouds
358,Vila Velha,BR,-20.3297,-40.2925,82.35,86,75,13.8,broken clouds
359,San Quintin,MX,30.4833,-115.95,75.67,22,6,9.22,clear sky
360,Aguimes,ES,27.9054,-15.4461,62.65,72,20,13.0,few clouds
361,Naze,JP,28.3667,129.4833,57.87,89,100,20.47,light rain
362,Malakal,SS,9.5334,31.6605,82.36,16,0,6.78,clear sky
363,Afyonkarahisar,TR,38.75,30.6667,31.71,86,100,0.98,overcast clouds
364,Nicoya,CR,10.1483,-85.452,85.55,42,37,13.38,scattered clouds
365,Hofn,IS,64.2539,-15.2082,21.51,60,17,10.71,few clouds
366,Grindavik,IS,63.8424,-22.4338,28.87,86,75,8.05,light snow
367,Bilma,NE,18.6853,12.9164,69.04,11,0,7.11,clear sky
368,Zamora,EC,-4.0692,-78.9567,83.44,92,97,2.77,moderate rain
369,Werda,BW,-25.2667,23.2833,78.76,32,0,6.58,clear sky
370,Manta,EC,-0.95,-80.7333,83.98,74,75,10.36,broken clouds
371,Umm Lajj,SA,25.0213,37.2685,67.68,35,0,15.39,clear sky
372,Gamboula,CF,4.1178,15.1393,75.85,26,79,1.01,broken clouds
373,Vaitape,PF,-16.5167,-151.75,80.73,74,100,14.9,light rain
374,Phan Thiet,VN,10.9333,108.1,74.75,84,93,6.13,overcast clouds
375,Longonjo,AO,-12.9067,15.2533,63.64,74,89,2.53,overcast clouds
376,Kungurtug,RU,50.5994,97.5228,-22.4,97,99,1.81,overcast clouds
377,Mahon,ES,39.8885,4.2658,54.16,76,40,9.22,scattered clouds
378,Lebu,CL,-37.6167,-73.65,64.85,74,78,9.48,broken clouds
379,Jasidih,IN,24.5167,86.65,58.08,47,0,3.58,clear sky
380,Iskateley,RU,67.6803,53.1512,-0.72,98,62,8.23,broken clouds
381,Mandal,IN,25.45,74.5667,57.51,37,0,4.14,clear sky
382,Zeerust,ZA,-25.5369,26.0751,72.3,35,53,3.69,broken clouds
383,Morgan City,US,29.6994,-91.2068,57.04,26,0,12.66,clear sky
384,Esil,KZ,51.9556,66.4042,11.55,93,100,6.4,overcast clouds
385,Evensk,RU,61.95,159.2333,-5.24,73,28,9.04,scattered clouds
386,Athens,GR,37.9795,23.7162,50.38,72,40,8.99,scattered clouds
387,Esperance,AU,-33.8667,121.9,57.04,75,6,10.2,clear sky
388,Jauja,PE,-11.7758,-75.4966,52.54,80,100,4.18,overcast clouds
389,Escanaba,US,45.7453,-87.0646,19.67,48,0,9.22,clear sky
390,Tateyama,JP,34.9833,139.8667,38.01,95,100,28.54,light rain
391,Faya,SA,18.3851,42.4509,55.92,42,66,3.4,broken clouds
392,Vrangel,RU,42.7297,133.0839,15.4,56,99,7.38,overcast clouds
393,Dali,CN,25.7,100.1833,39.02,61,0,3.56,clear sky
394,Soe,ID,-9.8607,124.284,65.66,92,64,3.8,broken clouds
395,Ponta Delgada,PT,37.7333,-25.6667,60.49,72,75,5.75,broken clouds
396,Kondinskoye,RU,59.6481,67.41,-2.0,98,100,4.12,overcast clouds
397,Kuala Terengganu,MY,5.3302,103.1408,76.95,94,40,0.0,scattered clouds
398,Baculin,PH,7.4525,126.5842,76.12,84,77,4.56,broken clouds
399,Ribeira Brava,PT,32.65,-17.0667,64.06,73,97,2.84,overcast clouds
400,Coolum Beach,AU,-26.5333,153.1,71.33,96,33,11.74,scattered clouds
401,Boca Do Acre,BR,-8.7522,-67.3978,78.49,81,100,4.34,overcast clouds
402,Oyama,JP,36.3,139.8,35.04,70,100,6.35,light snow
403,Vanimo,PG,-2.6741,141.3028,76.96,90,100,4.7,overcast clouds
404,Blackfoot,US,43.1905,-112.345,37.18,81,2,3.13,clear sky
405,Nadvoitsy,RU,63.8667,34.3167,28.9,96,100,14.07,light snow
406,Anadyr,RU,64.75,177.4833,-30.5,68,0,8.95,clear sky
407,Starokostyantyniv,UA,49.7576,27.2034,30.02,69,4,12.44,clear sky
408,Usinsk,RU,65.9939,57.5281,8.71,96,99,9.42,overcast clouds
409,Antalaha,MG,-14.9003,50.2788,74.53,92,39,4.54,scattered clouds
410,Tawang,IN,27.5833,91.8667,26.2,54,0,6.53,clear sky
411,Nabire,ID,-3.3667,135.4833,75.49,92,100,3.44,overcast clouds
412,Skjervoy,NO,70.0311,20.9714,23.18,71,71,6.35,broken clouds
413,Umm Kaddadah,SD,13.6017,26.6876,65.5,17,16,13.29,few clouds
414,Komsomolskiy,UZ,40.4272,71.7189,35.02,84,100,1.54,overcast clouds
415,Aripuana,BR,-9.1667,-60.6333,76.86,96,99,0.83,overcast clouds
416,Mabaruma,GY,8.2,-59.7833,75.96,87,84,6.58,broken clouds
417,Vila,PT,42.0304,-8.1588,41.32,92,96,7.07,light rain
418,Gushikawa,JP,26.3544,127.8686,65.43,93,20,13.8,mist
419,Pangnirtung,CA,66.1451,-65.7125,-25.6,75,20,0.0,few clouds
420,Trelew,AR,-43.249,-65.3051,96.46,11,0,12.41,clear sky
421,Tromso,NO,69.6496,18.957,23.38,73,75,6.91,broken clouds
422,Isoka,ZM,-10.1606,32.6335,59.59,97,91,2.17,overcast clouds
423,Montevideo,UY,-34.8335,-56.1674,72.82,57,40,12.66,scattered clouds
424,Qeshm,IR,26.9581,56.2719,62.49,68,99,6.62,overcast clouds
425,Constitucion,CL,-35.3333,-72.4167,66.94,72,55,8.5,broken clouds
426,Semey,KZ,50.4111,80.2275,23.18,88,100,16.06,overcast clouds
427,North Platte,US,41.1239,-100.7654,58.98,26,0,14.97,clear sky
428,Graaff-Reinet,ZA,-32.2522,24.5308,69.93,80,76,9.69,broken clouds
429,Mareeba,AU,-17.0,145.4333,70.52,92,12,2.37,few clouds
430,Shingu,JP,33.7333,135.9833,45.91,86,100,5.79,light rain
431,Merauke,ID,-8.4667,140.3333,77.7,84,41,8.52,scattered clouds
432,Suluq,LY,31.6682,20.2521,53.76,75,0,6.11,clear sky
433,Maracaibo,VE,10.6317,-71.6406,87.42,49,34,12.06,scattered clouds
434,Beyneu,KZ,45.3167,55.2,31.33,70,100,20.07,overcast clouds
435,Kalianget,ID,-7.05,113.9333,76.42,83,99,7.85,overcast clouds
436,Igarka,RU,67.4667,86.5833,-12.57,91,12,6.73,few clouds
437,Hithadhoo,MV,-0.6,73.0833,81.81,75,77,9.44,broken clouds
438,Yerbogachen,RU,61.2767,108.0108,-29.81,100,90,3.56,overcast clouds
439,Razole,IN,16.4833,81.8333,66.52,83,6,3.33,clear sky
440,Nanortalik,GL,60.1432,-45.2371,28.65,79,100,8.68,overcast clouds
441,Camana,PE,-16.6228,-72.7111,74.77,71,12,8.75,few clouds
442,Russell,US,32.3502,-85.1999,53.2,22,0,17.27,clear sky
443,Melito Di Porto Salvo,IT,37.9222,15.7714,58.21,71,40,3.44,scattered clouds
444,Padang,ID,-0.9492,100.3543,76.26,83,100,4.45,overcast clouds
445,Mvuma,ZW,-19.2792,30.5283,64.56,52,1,7.38,clear sky
446,Tiznit,MA,29.5833,-9.5,54.68,69,0,0.07,clear sky
447,Stromness,GB,58.965,-3.296,39.16,88,100,7.81,overcast clouds
448,Camacha,PT,33.0833,-16.3333,57.96,67,20,12.66,few clouds
449,Biak,ID,-0.9131,122.8766,75.16,85,100,6.15,overcast clouds
450,Coihaique,CL,-45.5752,-72.0662,81.21,34,0,6.91,clear sky
451,San Cristobal,VE,7.7669,-72.225,80.78,37,96,3.2,overcast clouds
452,Najran,SA,17.4924,44.1277,56.05,42,12,3.36,few clouds
453,Erzin,TR,36.9559,36.2,50.72,76,67,2.46,broken clouds
454,Taraz,KZ,42.9,71.3667,34.29,93,100,2.24,overcast clouds
455,Baneh,IR,35.9975,45.8853,23.92,83,6,9.28,clear sky
456,Bonavista,CA,48.6499,-53.1147,41.11,75,100,16.67,overcast clouds
457,Lugazi,UG,0.3772,32.9197,73.08,78,100,2.17,overcast clouds
458,Palu,ID,-0.8917,119.8707,75.31,90,97,3.13,overcast clouds
459,Desaguadero,PE,-16.5656,-69.0417,54.64,58,97,14.09,overcast clouds
460,Eyl,SO,7.9803,49.8164,74.79,69,91,17.56,overcast clouds
461,Egvekinot,RU,66.3167,-179.1667,-19.5,92,85,7.43,overcast clouds
462,Road Town,VG,18.4167,-64.6167,80.69,83,40,10.36,scattered clouds
463,Leh,IN,34.1667,77.5833,3.06,86,85,1.74,overcast clouds
464,Saint-Pierre,RE,-21.3393,55.4781,80.28,78,0,14.97,clear sky
465,Kaseda,JP,31.4167,130.3167,50.34,78,100,11.72,overcast clouds
466,Burnie,AU,-41.0667,145.9167,60.94,89,71,3.02,broken clouds
467,Hamilton,US,39.1834,-84.5333,30.99,55,75,6.91,broken clouds
468,Singaraja,ID,-8.112,115.0882,77.97,83,98,1.28,overcast clouds
469,Brae,GB,60.3964,-1.353,37.31,87,100,12.75,overcast clouds
470,Sibolga,ID,1.7427,98.7792,75.29,90,96,2.95,overcast clouds
471,Okha,RU,53.5739,142.9478,-12.41,96,20,9.17,few clouds
472,Hastings,GB,50.8552,0.5729,50.79,85,100,33.2,light rain
473,Noyabrsk,RU,63.1994,75.4507,-12.33,100,99,9.28,overcast clouds
474,Chimoio,MZ,-19.1164,33.4833,73.26,78,75,0.45,broken clouds
475,Marawi,PH,7.9986,124.2928,63.64,91,100,2.93,overcast clouds
476,Kaoma,ZM,-14.7833,24.8,64.38,93,20,4.38,few clouds
477,Moose Factory,CA,51.2585,-80.6094,3.2,43,0,5.75,clear sky
478,Bajah,YE,13.8141,44.6301,65.77,65,4,2.46,clear sky
479,Sao Sebastiao,BR,-23.76,-45.4097,75.81,88,73,6.17,broken clouds
480,Urubicha,BO,-15.3833,-62.95,80.24,69,98,2.62,overcast clouds
481,Asau,RO,46.4333,26.4,29.95,84,100,3.87,overcast clouds
482,San Miguel,SV,13.4833,-88.1833,98.2,30,40,4.61,scattered clouds
483,Mitsamiouli,KM,-11.3847,43.2844,80.58,80,9,1.63,clear sky
484,Dingle,PH,10.9995,122.6711,74.05,94,94,6.58,overcast clouds
485,Hambantota,LK,6.1241,81.1185,76.01,81,100,11.21,overcast clouds
486,Fasa,IR,28.9383,53.6482,47.44,57,40,11.5,scattered clouds
487,Sabancuy,MX,18.9667,-91.1833,74.57,75,92,20.87,overcast clouds
488,Tochio,JP,37.4667,139.0,31.55,91,100,1.19,overcast clouds
489,Montepuez,MZ,-13.1256,38.9997,69.4,98,94,2.93,moderate rain
490,Pisco,PE,-13.7,-76.2167,78.85,53,0,16.11,clear sky
491,Langedijk,NL,52.7,4.8,50.99,70,100,13.0,overcast clouds
492,Houma,US,29.5958,-90.7195,57.0,33,0,11.01,clear sky
493,Sioux Lookout,CA,50.1001,-91.917,-2.13,50,75,6.91,broken clouds
494,Yongan,CN,39.6957,113.6871,1.47,93,78,1.3,broken clouds
495,Talcahuano,CL,-36.7167,-73.1167,64.08,72,40,17.27,scattered clouds
496,Souillac,MU,-20.5167,57.5167,81.36,89,40,8.05,scattered clouds
497,Hailey,US,43.5196,-114.3153,42.89,52,0,1.99,clear sky
498,Presidencia Roque Saenz Pena,AR,-26.7852,-60.4388,89.4,21,0,5.01,clear sky
499,Shihezi,CN,44.3,86.0333,11.59,94,100,1.99,overcast clouds
500,Nelson Bay,AU,-32.7167,152.15,66.99,71,100,10.56,overcast clouds
501,Loa Janan,ID,-0.583,117.095,72.01,98,100,0.11,overcast clouds
502,Turukhansk,RU,65.8167,87.9833,-7.92,89,19,11.21,few clouds
503,Tezu,IN,27.9167,96.1667,53.01,44,0,4.88,clear sky
504,Hualmay,PE,-11.0964,-77.6139,75.97,70,10,12.26,clear sky
505,Walvis Bay,NA,-22.9575,14.5053,76.15,73,5,2.3,clear sky
506,Warri,NG,5.5167,5.75,80.98,78,96,6.98,overcast clouds
507,Maumere,ID,-8.6199,122.2111,78.67,80,96,1.57,overcast clouds
508,Peno,RU,56.9262,32.7426,24.98,84,100,12.3,overcast clouds
509,Paracatu,BR,-17.2222,-46.8747,73.15,86,59,6.64,broken clouds
510,Rumoi,JP,43.9344,141.6428,20.41,91,100,4.25,light snow
511,Alofi,NU,-19.0595,-169.9187,82.29,74,40,10.36,scattered clouds
512,Te Anau,NZ,-45.4167,167.7167,51.93,77,35,1.34,scattered clouds
513,Mahebourg,MU,-20.4081,57.7,81.25,89,40,8.05,scattered clouds
514,La Union,PE,-5.4,-80.75,84.04,49,76,17.74,broken clouds
515,Bikaner,IN,28.0167,73.3,65.1,22,0,9.28,clear sky
516,Kapuskasing,CA,49.4169,-82.4331,3.29,51,20,6.91,few clouds
517,Ambilobe,MG,-13.2,49.05,73.27,93,78,2.1,broken clouds
518,Molchanovo,RU,57.5817,83.7692,7.18,95,100,8.93,light snow
519,Coahuayana,MX,18.7333,-103.6833,96.28,34,93,7.47,overcast clouds
520,Pathalgaon,IN,22.5667,83.4667,53.76,29,3,3.71,clear sky
521,Yuanping,CN,38.7153,112.7575,17.06,63,3,7.54,clear sky
522,Korop,UA,51.5664,32.9586,23.02,87,24,8.12,few clouds
523,Santa Isabel Do Rio Negro,BR,-0.4139,-65.0192,78.94,89,99,2.71,overcast clouds
524,Ewo,CG,-0.8725,14.8206,74.89,79,100,4.68,light rain
525,Billings,US,45.7833,-108.5007,55.51,27,75,10.36,broken clouds
526,Morant Bay,JM,17.8815,-76.4093,85.62,66,3,13.27,clear sky
527,Buraydah,SA,26.326,43.975,50.45,28,0,6.38,clear sky
528,Utiel,ES,39.5667,-1.2,50.18,71,100,11.32,overcast clouds
529,Povorino,RU,51.1945,42.2457,13.08,93,12,7.09,few clouds
530,General Salgado,BR,-20.6483,-50.3606,81.1,69,54,5.91,broken clouds
531,Djambala,CG,-2.5447,14.7533,70.68,84,97,3.4,overcast clouds
532,Hit,IQ,33.6416,42.8251,56.32,39,0,8.66,clear sky
533,La Rioja,ES,42.25,-2.5,46.18,81,100,11.54,overcast clouds
534,Matina,CR,10.0761,-83.2895,82.27,71,40,6.76,scattered clouds
535,Melilla,ES,35.2937,-2.9383,53.98,76,0,2.3,clear sky
536,Chavannes,CH,46.53,6.5707,46.58,66,6,3.56,clear sky
537,Kruisfontein,ZA,-34.0033,24.7314,65.19,88,23,7.27,few clouds
538,Raga,SS,8.4596,25.678,73.89,13,31,4.61,scattered clouds
539,Ornskoldsvik,SE,63.2909,18.7153,34.75,93,73,6.91,broken clouds
540,Baruun-Urt,MN,46.6806,113.2792,-17.77,99,72,2.19,broken clouds
541,Fuerte Olimpo,PY,-21.0415,-57.8738,97.75,26,90,6.53,overcast clouds
542,Shenkursk,RU,62.1091,42.896,10.49,96,100,6.69,overcast clouds
543,Maningrida,AU,-12.0667,134.2667,75.51,85,7,6.67,clear sky
544,Puerto Escondido,MX,15.85,-97.0667,86.94,50,97,6.42,overcast clouds
545,Port Blair,IN,11.6667,92.75,73.44,78,20,2.3,mist
546,Novoagansk,RU,61.9449,76.6625,-7.55,99,88,7.58,overcast clouds
547,Olafsvik,IS,64.8945,-23.7142,30.92,88,100,8.3,snow
548,Fort Frances,CA,48.5999,-93.4003,4.15,50,75,5.99,broken clouds
549,Olavarria,AR,-36.8927,-60.3225,79.02,42,1,10.38,clear sky
550,Comodoro Rivadavia,AR,-45.8667,-67.5,78.66,38,40,21.85,scattered clouds
551,Cayenne,GF,4.9333,-52.3333,80.1,87,75,11.5,mist
552,Prainha,BR,-1.8,-53.48,80.91,75,67,4.43,broken clouds
553,Almaznyy,RU,48.0448,40.045,24.94,88,5,3.94,clear sky
554,Salinas,US,36.6777,-121.6555,85.01,29,0,9.22,clear sky
555,Aljezur,PT,37.3191,-8.8033,57.38,87,100,9.98,overcast clouds
556,Carauari,BR,-4.8828,-66.8958,74.88,98,100,1.45,moderate rain
557,Sibut,CF,5.718,19.0739,81.21,22,100,3.38,overcast clouds
558,Yabelo,ET,4.8833,38.0833,70.29,23,84,5.91,broken clouds
559,Juquia,BR,-24.3208,-47.6347,81.16,69,3,4.21,clear sky
560,Diego De Almagro,CL,-26.3667,-70.05,80.51,16,35,12.8,scattered clouds
561,Sorland,NO,67.667,12.6934,33.66,58,100,25.28,light snow
562,Xam Nua,LA,20.4197,104.0439,55.15,99,100,2.17,overcast clouds
563,Sudislavl,RU,57.8817,41.7083,26.92,97,100,6.91,snow
564,Pierre,US,44.3683,-100.351,41.86,43,0,17.27,clear sky
565,Cutervo,PE,-6.379,-78.8157,60.58,73,97,2.82,moderate rain
566,Poum,NC,-20.2333,164.0167,81.48,77,95,12.95,overcast clouds
567,Chagoda,RU,59.164,35.3285,27.93,90,100,10.38,overcast clouds
568,Quincy,US,42.2529,-71.0023,31.1,88,100,11.5,snow
569,Tukrah,LY,32.5341,20.5791,53.46,77,0,2.46,clear sky
570,Calama,CL,-22.4667,-68.9333,75.69,16,0,26.46,clear sky
571,Aitape,PG,-3.1374,142.3475,77.4,88,100,3.65,overcast clouds
572,Tinde,TZ,-3.8833,33.2,67.71,82,97,2.62,overcast clouds
573,Baykit,RU,61.67,96.37,-18.24,100,93,3.69,overcast clouds
574,Ivanjica,RS,43.5803,20.2311,34.18,97,100,3.6,overcast clouds
575,Makakilo City,US,21.3469,-158.0858,77.32,64,20,12.66,few clouds
576,Alyangula,AU,-13.8483,136.4192,73.27,100,28,2.3,scattered clouds
577,Gobo,JP,33.8833,135.15,45.95,77,100,22.59,overcast clouds
578,Paratebueno,CO,4.3758,-73.2155,96.73,26,83,9.42,broken clouds
579,Farsund,NO,58.0948,6.8047,42.94,100,100,15.82,light rain
580,Belyy Yar,RU,53.6039,91.3903,-25.71,83,90,0.0,mist
581,Arco,IT,45.9177,10.8867,42.62,61,0,0.87,clear sky
582,Cerrito,CO,6.8432,-72.694,60.19,78,88,1.41,overcast clouds
583,Ranfurly,NZ,-45.1333,170.1,50.07,73,0,2.51,clear sky
584,Oeiras,BR,-7.0253,-42.1311,75.36,87,100,5.75,very heavy rain
585,Thiruvananthapuram,IN,8.4833,76.9167,78.78,89,20,3.44,mist
586,Nhulunbuy,AU,-12.2333,136.7667,77.61,88,6,4.61,clear sky
587,Araouane,ML,18.9048,-3.5265,65.1,18,65,10.8,broken clouds
588,Kodinsk,RU,58.6881,99.1844,-21.03,100,57,2.93,broken clouds
589,Stokmarknes,NO,68.5646,14.9108,32.49,100,100,26.46,light snow
590,Nhlangano,SZ,-27.1167,31.2,63.18,80,89,2.33,overcast clouds
591,Aranos,NA,-24.1333,19.1167,69.1,71,100,14.07,light rain
592,Quatre Cocos,MU,-20.2078,57.7625,81.09,83,79,14.23,broken clouds
593,Fethiye,TR,36.6217,29.1164,48.07,75,5,4.5,clear sky
594,Dubuque,US,42.4833,-90.8668,14.63,51,0,8.05,clear sky
595,Ixtapa,MX,20.7,-105.2,78.03,53,75,9.22,broken clouds
596,Svetlaya,RU,46.5389,138.3297,22.69,93,100,17.0,snow
597,Richmond,US,37.5538,-77.4603,35.89,88,100,12.66,mist
598,Zhezkazgan,KZ,47.8043,67.7144,29.44,98,100,12.64,light snow
599,Mnogovershinnyy,RU,53.9353,139.9242,-13.22,90,82,2.8,broken clouds
600,Kamien Pomorski,PL,53.9685,14.7726,40.95,74,100,17.11,overcast clouds
601,Obeliai,LT,55.9667,25.15,31.6,76,99,14.05,overcast clouds
602,Chumikan,RU,54.7183,135.315,-13.45,94,93,5.48,overcast clouds
603,Lithakia,GR,37.7167,20.8333,53.58,72,8,4.14,clear sky
604,Nouadhibou,MR,20.931,-17.0347,66.18,82,100,14.97,overcast clouds
605,Yhu,PY,-25.05,-55.9167,86.59,44,17,8.19,few clouds
606,Chernyshevskiy,RU,63.0128,112.4714,-24.32,100,69,1.57,broken clouds
607,Abohar,IN,30.15,74.1833,51.31,66,0,7.81,clear sky
608,Kalikino,RU,52.9493,39.8269,20.71,89,50,8.01,scattered clouds
609,Nyurba,RU,63.2842,118.3319,-22.88,100,98,1.3,overcast clouds
610,Abu Kamal,SY,34.4506,40.9171,54.18,39,0,3.33,clear sky
611,Meadow Lake,US,34.8014,-106.5436,57.97,18,0,5.39,clear sky
612,Saint Andrews,US,34.0454,-81.1293,60.89,53,40,10.36,scattered clouds
613,Dossor,KZ,47.5272,52.9811,23.29,86,6,14.2,clear sky
614,Zhaodong,CN,46.0833,125.9833,-7.58,99,100,5.7,overcast clouds
615,Karachi,PK,24.9056,67.0822,60.62,77,0,3.44,clear sky
616,Valparaiso,CL,-33.0393,-71.6273,70.03,69,75,12.66,broken clouds
617,Portales,US,34.1862,-103.3344,59.32,25,0,13.13,clear sky
618,Linares,CL,-35.85,-71.6,88.72,21,16,15.23,few clouds
619,Buchanan,LR,5.8808,-10.0467,80.56,84,36,5.64,scattered clouds
620,Nyrob,RU,60.733,56.7202,0.01,100,91,1.97,overcast clouds
621,La Orilla,MX,17.9833,-102.2333,85.15,45,71,7.9,broken clouds
622,Draguignan,FR,43.5333,6.4667,48.78,79,100,5.75,overcast clouds
623,Sinnamary,GF,5.3833,-52.95,77.76,88,62,10.07,broken clouds
624,Atambua,ID,-9.1061,124.8925,72.5,89,57,2.73,broken clouds
625,Voh,NC,-20.9667,164.7,80.89,80,100,3.65,overcast clouds
626,Marrakesh,MA,31.6315,-8.0083,60.87,27,0,2.3,clear sky
627,Saint Anthony,US,45.0205,-93.218,9.93,52,0,11.5,clear sky
628,Bud,US,39.447,-86.1758,26.31,79,100,9.78,light snow
629,La Solana,ES,38.9442,-3.2381,50.4,77,100,11.16,overcast clouds
630,Waverly,US,42.7392,-84.6208,20.48,78,100,9.22,overcast clouds
631,Pitea,SE,65.3172,21.4794,19.49,95,100,5.84,overcast clouds
632,Shahpur,IN,16.7,76.8333,70.21,36,0,8.46,clear sky
633,Belaya Gora,RU,68.5333,146.4167,-19.68,95,92,5.68,overcast clouds
634,Hirschaid,DE,49.8194,10.9908,40.51,86,8,5.55,clear sky
635,Thohoyandou,ZA,-22.9456,30.485,69.22,55,0,2.13,clear sky
636,Edd,ER,13.9297,41.6925,77.34,77,46,4.18,scattered clouds
637,Palauig,PH,15.435,119.9045,78.57,74,100,4.72,overcast clouds
638,Bayburt,TR,40.2589,40.2278,12.61,85,100,3.98,overcast clouds
639,Katobu,ID,-4.9408,122.5276,73.6,95,69,4.32,broken clouds
640,Lejanias,CO,3.5251,-74.0216,87.06,42,100,5.68,overcast clouds
641,Yarmouth,US,41.7057,-70.2286,35.71,91,100,13.8,mist
642,Kiama,AU,-34.6833,150.8667,70.57,77,100,1.99,overcast clouds
643,Solnechnyy,RU,50.7214,136.6319,7.52,95,100,4.68,overcast clouds
644,Atasu,KZ,48.6814,71.6433,25.59,96,100,12.15,light snow
645,Ucluelet,CA,48.9329,-125.5528,51.1,71,99,1.01,overcast clouds
646,Viedma,AR,-40.8135,-62.9967,91.81,14,0,8.08,clear sky
647,Sabanalarga,CO,10.6296,-74.9206,88.68,45,83,17.34,broken clouds
648,Edgewater,US,28.9889,-80.9023,73.44,82,100,17.27,overcast clouds
649,Les Cayes,HT,18.2,-73.75,81.41,62,4,10.45,clear sky
650,Xinzhou,CN,38.4092,112.7333,18.75,58,3,5.46,clear sky
651,Zaterechnyy,RU,44.7931,45.2097,31.57,63,0,3.11,clear sky
652,La Asuncion,VE,11.0333,-63.8628,85.73,58,92,18.41,overcast clouds
653,Andros,GR,37.8333,24.9333,50.74,59,95,24.07,overcast clouds
654,Meulaboh,ID,4.1363,96.1285,76.28,89,92,5.35,overcast clouds
655,Mount Isa,AU,-20.7333,139.5,73.17,94,25,0.0,scattered clouds
656,Langsa,ID,4.4683,97.9683,73.58,92,72,2.75,broken clouds
657,Ozernovskiy,RU,51.5,156.5167,17.65,59,10,7.31,clear sky
658,Bela,IN,25.9333,81.9833,52.63,62,0,2.89,clear sky
659,Bandarbeyla,SO,9.4942,50.8122,74.84,66,20,16.53,few clouds
660,Daru,PG,-9.0763,143.2092,79.2,80,38,10.13,scattered clouds
661,Tongren,CN,27.7172,109.1853,43.83,83,100,2.82,overcast clouds
662,Estelle,US,29.8458,-90.1067,57.06,31,0,13.8,clear sky
663,Saint-Georges,GD,12.0564,-61.7485,79.23,69,24,14.76,few clouds
664,Pucallpa,PE,-8.3791,-74.5539,80.64,89,75,5.75,moderate rain
665,Mae Sai,TH,20.4335,99.8762,55.89,43,9,2.82,clear sky
666,Lokosovo,RU,61.1333,74.8167,-10.93,100,96,6.8,overcast clouds
667,Kyren,RU,51.6828,102.1408,-9.9,94,99,1.61,overcast clouds
668,Dukat,RU,62.55,155.55,-28.62,100,31,3.62,scattered clouds
669,Guasdualito,VE,7.2424,-70.7324,95.0,34,20,6.91,few clouds
670,Qaqortoq,GL,60.7167,-46.0333,27.1,88,100,7.76,overcast clouds
671,Hirara,JP,24.8,125.2833,65.71,86,100,20.31,overcast clouds
672,Artyom,AZ,40.4723,50.333,41.14,62,80,20.2,broken clouds
673,Arlit,NE,18.7369,7.3853,71.22,11,0,8.75,clear sky
674,Kristiinankaupunki,FI,62.2743,21.376,35.24,94,100,16.84,overcast clouds
675,Kholodnyy,RU,62.7167,147.95,-41.51,100,73,1.32,broken clouds
676,Kwakoa,TZ,-3.7667,37.7167,74.05,76,96,4.97,overcast clouds
677,Bulaevo,KZ,54.9056,70.4439,-11.92,100,64,5.64,broken clouds
678,Altona,DE,53.55,9.9333,44.26,70,20,14.97,few clouds
679,Ulcinj,ME,41.9294,19.2244,40.93,70,23,1.74,few clouds
680,Watertown,US,42.3709,-71.1828,31.08,84,100,11.5,mist
681,Gigmoto,PH,13.7796,124.39,76.06,85,79,8.57,broken clouds
682,Takhtamukay,RU,44.9215,38.9958,33.91,83,0,6.71,clear sky
683,Pimentel,PE,-6.8367,-79.9342,80.89,57,0,16.11,clear sky
684,Zheleznodorozhnyy,RU,55.7503,38.0042,29.75,88,100,8.81,overcast clouds
685,Skerries,IE,53.5828,-6.1083,43.5,100,100,16.8,overcast clouds
686,Hay River,CA,60.8156,-115.7999,-11.22,70,75,2.3,broken clouds
687,Monroe,US,43.1501,-77.6831,19.9,67,100,9.22,overcast clouds
688,Klaksvik,FO,62.2266,-6.589,32.92,67,100,29.97,overcast clouds
689,Bonfim,BR,3.0833,-59.95,91.51,42,96,7.81,overcast clouds
690,Wiarton,CA,44.7407,-81.1332,13.03,67,75,9.22,broken clouds
691,Norrkoping,SE,58.5942,16.1826,38.39,83,100,10.36,overcast clouds
692,Ketchikan,US,55.3422,-131.6461,46.38,87,100,5.75,overcast clouds
